query,slug,status,error,cached,question_count,subreddit_count,suggestion_count,dir
cheap diy watering for balcony plants,cheap-diy-watering-for-balcony-plants,ok,,True,40,10,1,/home/linuxlite/.openclaw/workspace/passive-income/reports/findquestions/2026-05-03_172152_balcony-drip-batch-1/cheap-diy-watering-for-balcony-plants
renter friendly balcony watering system,renter-friendly-balcony-watering-system,ok,,True,40,10,1,/home/linuxlite/.openclaw/workspace/passive-income/reports/findquestions/2026-05-03_172152_balcony-drip-batch-1/renter-friendly-balcony-watering-system
balcony container watering system,balcony-container-watering-system,ok,,True,40,10,1,/home/linuxlite/.openclaw/workspace/passive-income/reports/findquestions/2026-05-03_172152_balcony-drip-batch-1/balcony-container-watering-system
watering balcony plants while away,watering-balcony-plants-while-away,ok,,True,40,10,1,/home/linuxlite/.openclaw/workspace/passive-income/reports/findquestions/2026-05-03_172152_balcony-drip-batch-1/watering-balcony-plants-while-away
automatic watering for potted patio plants,automatic-watering-for-potted-patio-plants,ok,,True,40,10,1,/home/linuxlite/.openclaw/workspace/passive-income/reports/findquestions/2026-05-03_172152_balcony-drip-batch-1/automatic-watering-for-potted-patio-plants
balcony drip irrigation for container plants,balcony-drip-irrigation-for-container-plants,ok,,True,40,10,1,/home/linuxlite/.openclaw/workspace/passive-income/reports/findquestions/2026-05-03_172152_balcony-drip-batch-1/balcony-drip-irrigation-for-container-plants
best automatic watering system for balcony containers,best-automatic-watering-system-for-balcony-containers,ok,,True,40,10,0,/home/linuxlite/.openclaw/workspace/passive-income/reports/findquestions/2026-05-03_172152_balcony-drip-batch-1/best-automatic-watering-system-for-balcony-containers
best budget drip irrigation kits for apartment balconies,best-budget-drip-irrigation-kits-for-apartment-balconies,ok,,True,40,10,0,/home/linuxlite/.openclaw/workspace/passive-income/reports/findquestions/2026-05-03_172152_balcony-drip-batch-1/best-budget-drip-irrigation-kits-for-apartment-balconies
how to water balcony plants without a tap,how-to-water-balcony-plants-without-a-tap,ok,,True,40,10,0,/home/linuxlite/.openclaw/workspace/passive-income/reports/findquestions/2026-05-03_172152_balcony-drip-batch-1/how-to-water-balcony-plants-without-a-tap
gravity fed watering system for balcony plants,gravity-fed-watering-system-for-balcony-plants,ok,,True,40,10,0,/home/linuxlite/.openclaw/workspace/passive-income/reports/findquestions/2026-05-03_172152_balcony-drip-batch-1/gravity-fed-watering-system-for-balcony-plants
best hose timers for balcony drip irrigation systems,best-hose-timers-for-balcony-drip-irrigation-systems,ok,,True,40,10,0,/home/linuxlite/.openclaw/workspace/passive-income/reports/findquestions/2026-05-03_172152_balcony-drip-batch-1/best-hose-timers-for-balcony-drip-irrigation-systems
how to stop water from pooling on your balcony,how-to-stop-water-from-pooling-on-your-balcony,ok,,True,40,10,0,/home/linuxlite/.openclaw/workspace/passive-income/reports/findquestions/2026-05-03_172152_balcony-drip-batch-1/how-to-stop-water-from-pooling-on-your-balcony
