theme_slug,theme_label,score,unique_query_count,question_count,queries,examples
vacation-watering,Vacation / away watering,35.6,2,23,how to water balcony plants without a tap | watering balcony plants while away,How to Keep Balcony Plants Watered While on Vacation | Can I Keep Balcony Plants in Sealed Bags While Away | Ziplock Bag Method for Watering Plants While Away | Can Balcony Plants Survive 3 Weeks Without Water | How to Keep Balcony Plants Alive While You're Away
kit-buyer,Buyer guide: kits / systems,23.6,2,13,how to water balcony plants without a tap | watering balcony plants while away,Best Watering Can for Balcony Plants | Best Water Butt for Balcony Plant Watering | Best Timer for Automatic Balcony Plant Watering | Hand Watering vs Automatic Systems for Balcony Plants | Best Container Plants for Minimal Watering
budget-diy,Budget DIY watering,15.2,2,6,how to water balcony plants without a tap | watering balcony plants while away,DIY Balcony Watering System Without a Tap | Budget Watering Solutions for Apartment Balconies | Best DIY Plant Watering System for Your Balcony | Plastic Bottle Watering Hack for Plants While Away | How to Set Up a Gravity-Fed Plant Watering System
no-tap-renter,No tap / renter constraints,15.2,2,6,how to water balcony plants without a tap | watering balcony plants while away,"How to Water Balcony Plants Without a Tap | DIY Balcony Watering System Without a Tap | Drip Irrigation for Balcony Plants Without Tap Water | Self-Watering Planters for Balconies Without Tap | Apartment Balcony Watering: No Tap, No Problem"
drip-setup,Drip setup and expansion,14.0,2,5,how to water balcony plants without a tap | watering balcony plants while away,Drip Irrigation for Balcony Plants Without Tap Water | How to Set Up Micro Drip Irrigation on a Balcony | How to Prevent Clogging in Drip Irrigation Systems | Watering System Filters for Balcony Drip Irrigation | Drip Irrigation Setup for Balcony Container Plants
watering-frequency,Watering frequency and schedules,12.8,2,4,how to water balcony plants without a tap | watering balcony plants while away,How Often Should I Water Balcony Plants in Summer | Best Watering Schedule for Container Balcony Gardens | How Often Should You Water Balcony Plants? | Plant Watering Schedule: What to Do Before Leaving Home
timers-automation,Timers and automation,11.6,2,3,how to water balcony plants without a tap | watering balcony plants while away,Best Timer for Automatic Balcony Plant Watering | Automatic Plant Watering System for Balcony Plants | Plant Watering Apps: Can Technology Help While You're Gone?
hose-soaker,Hose / soaker options,7.6,1,3,how to water balcony plants without a tap,Can I Use a Hose Inside to Water My Balcony Garden | Hose Lock Watering System for Balcony Gardens | How to Attach a Hose to a Water Butt for Balcony Use
general,General balcony/container watering,40.4,2,27,how to water balcony plants without a tap | watering balcony plants while away,What Water Can I Use for Balcony Plants | Automatic Watering System for Balcony Gardens | How to Water Plants on a High-Rise Balcony | How Long Can Balcony Plants Go Without Water | Can I Water Balcony Plants With Collected Rainwater
