label,score,lane,unique_query_count,question_count,representative_intent,keyword_signature,queries,related_questions
Automatic Watering System for Balcony Gardens,15.0,buyer,2,3,Hands-off watering,"automatic, hands, off, product, research, hose",how to water balcony plants without a tap | watering balcony plants while away,Automatic Watering System for Balcony Gardens | Hose Lock Watering System for Balcony Gardens | Automatic Plant Watering System for Balcony Plants
How to Keep Balcony Plants Alive While You're Away,13.5,pain-point,2,2,Solution for time away,"vacation, away, keep, watered, solution, time",how to water balcony plants without a tap | watering balcony plants while away,How to Keep Balcony Plants Watered While on Vacation | How to Keep Balcony Plants Alive While You're Away
How to Water Balcony Plants Without a Tap,11.5,renter-small-space,1,4,Direct solution for no tap access,"access, direct, tap, solution, survival, timeline",how to water balcony plants without a tap,How to Water Balcony Plants Without a Tap | How Long Can Balcony Plants Go Without Water | How to Water Balcony Plants When You Travel | How to Water Balcony Plants in Extreme Heat
Budget-Friendly Solutions for Watering Plants While Away,11.5,buyer,1,1,Customer wants cheap or free options,"budget, cheap, options, free, solutions, friendly",watering balcony plants while away,Budget-Friendly Solutions for Watering Plants While Away
How Often Should You Water Balcony Plants?,11.0,technical-setup,2,2,Seasonal watering schedule,"often, schedule, summer, seasonal, baseline, learning",how to water balcony plants without a tap | watering balcony plants while away,How Often Should I Water Balcony Plants in Summer | How Often Should You Water Balcony Plants?
DIY Balcony Watering System Without a Tap,10.5,buyer,1,1,Budget-friendly setup,"budget, friendly, setup, tap, diy",how to water balcony plants without a tap,DIY Balcony Watering System Without a Tap
How to Prevent Clogging in Drip Irrigation Systems,10.5,buyer,1,1,System maintenance,"maintenance, systems, drip, clogging, prevent, irrigation",how to water balcony plants without a tap,How to Prevent Clogging in Drip Irrigation Systems
Best Water Butt for Balcony Plant Watering,10.0,buyer,1,2,Rainwater collection,"rainwater, collection, butt, automated, timer, automatic",how to water balcony plants without a tap,Best Water Butt for Balcony Plant Watering | Best Timer for Automatic Balcony Plant Watering
Best DIY Plant Watering System for Your Balcony,10.0,buyer,1,1,Customer wants to build their own watering setup,"own, setup, build, wants, diy, customer",watering balcony plants while away,Best DIY Plant Watering System for Your Balcony
Budget Watering Solutions for Apartment Balconies,9.5,buyer,1,1,Cheap alternatives,"solutions, alternatives, budget, cheap",how to water balcony plants without a tap,Budget Watering Solutions for Apartment Balconies
Best Neighbors to Ask for Plant Watering Help,9.0,pain-point,1,1,Customer considering trusted friend option,"trusted, considering, friend, neighbors, ask, option",watering balcony plants while away,Best Neighbors to Ask for Plant Watering Help
Plastic Bottle Watering Hack for Plants While Away,9.0,pain-point,1,1,Customer wants cheap DIY solutions,"hack, cheap, solutions, plastic, away, bottle",watering balcony plants while away,Plastic Bottle Watering Hack for Plants While Away
"Apartment Balcony Watering: No Tap, No Problem",8.5,pain-point,1,1,Urban gardening solution,"solution, urban, tap, gardening, problem",how to water balcony plants without a tap,"Apartment Balcony Watering: No Tap, No Problem"
Can I Use a Hose Inside to Water My Balcony Garden,8.5,buyer,1,1,Indoor hose feasibility,"inside, indoor, hose, feasibility",how to water balcony plants without a tap,Can I Use a Hose Inside to Water My Balcony Garden
How to Attach a Hose to a Water Butt for Balcony Use,8.5,buyer,1,1,Equipment connection guide,"connection, hose, butt, equipment, attach, guide",how to water balcony plants without a tap,How to Attach a Hose to a Water Butt for Balcony Use
Best Moisture Meters to Monitor Plants While Away,8.0,pain-point,1,1,Customer wants to check soil remotely,"remotely, check, meters, away, wants, moisture",watering balcony plants while away,Best Moisture Meters to Monitor Plants While Away
Can I Keep Balcony Plants in Sealed Bags While Away,8.0,pain-point,1,1,Vacation watering hack,"hack, vacation, away, sealed, bags, keep",how to water balcony plants without a tap,Can I Keep Balcony Plants in Sealed Bags While Away
Capillary Mats for Plant Watering: Setup and Benefits,8.0,buyer,1,1,Customer researching mat-based solutions,"capillary, mat, based, solutions, setup, mats",watering balcony plants while away,Capillary Mats for Plant Watering: Setup and Benefits
Drip Irrigation Setup for Balcony Container Plants,8.0,buyer,1,1,Customer wants permanent watering solution,"drip, solution, setup, wants, irrigation, permanent",watering balcony plants while away,Drip Irrigation Setup for Balcony Container Plants
Gardena Balcony Watering System Setup Guide,8.0,buyer,1,1,Brand-specific solution,"solution, setup, brand, gardena, guide, specific",how to water balcony plants without a tap,Gardena Balcony Watering System Setup Guide
Hand Watering vs Automatic Systems for Balcony Plants,8.0,buyer,1,1,Method comparison,"automatic, hand, systems, comparison, method",how to water balcony plants without a tap,Hand Watering vs Automatic Systems for Balcony Plants
Hiring Someone to Water Plants While Away: What to Expect,8.0,pain-point,1,1,Customer considering professional plant sitting services,"considering, professional, expect, hiring, away, services",watering balcony plants while away,Hiring Someone to Water Plants While Away: What to Expect
How to Keep Plants Moist During a 2-Week Vacation,8.0,pain-point,1,1,Customer with extended travel plans,"extended, travel, week, vacation, during, plans",watering balcony plants while away,How to Keep Plants Moist During a 2-Week Vacation
How to Position Plants in Bathtub for Vacation Watering,8.0,pain-point,1,1,Customer implementing bathtub method,"position, implementing, vacation, bathtub, customer, method",watering balcony plants while away,How to Position Plants in Bathtub for Vacation Watering
How to Tell If Your Plants Are Dehydrated After You Return,8.0,pain-point,1,1,Customer wants to assess plant health post-vacation,"post, after, vacation, assess, dehydrated, wants",watering balcony plants while away,How to Tell If Your Plants Are Dehydrated After You Return
How to Water Outdoor Potted Plants While on Vacation,8.0,pain-point,1,1,Customer has outdoor containers to care for,"vacation, has, outdoor, potted, care, customer",watering balcony plants while away,How to Water Outdoor Potted Plants While on Vacation
Liquid Fertilizer in Plant Watering Systems: Should You?,8.0,buyer,1,1,Customer wants to combine feeding with watering,"fertilizer, feeding, combine, wants, liquid, systems",watering balcony plants while away,Liquid Fertilizer in Plant Watering Systems: Should You?
Self-Watering Plant Containers: Are They Worth It?,8.0,buyer,1,1,Customer evaluating commercial solutions,"they, solutions, worth, commercial, self, customer",watering balcony plants while away,Self-Watering Plant Containers: Are They Worth It?
Vacation Plant Care: What to Do in 24-48 Hours,8.0,pain-point,1,1,Customer with short notice travel,"short, travel, hours, vacation, notice, care",watering balcony plants while away,Vacation Plant Care: What to Do in 24-48 Hours
Best Watering Can for Balcony Plants,7.5,general,1,2,Affordable tool recommendation,"recommendation, affordable, tool, sources, alternative",how to water balcony plants without a tap,Best Watering Can for Balcony Plants | What Water Can I Use for Balcony Plants
Can Balcony Plants Survive 3 Weeks Without Water,7.5,pain-point,1,1,Extended vacation watering,"extended, survive, weeks, vacation",how to water balcony plants without a tap,Can Balcony Plants Survive 3 Weeks Without Water
Can You Overwater Plants Before Vacation?,7.5,pain-point,1,1,Customer worried about pre-trip watering strategy,"strategy, worried, vacation, about, trip, overwater",watering balcony plants while away,Can You Overwater Plants Before Vacation?
Container Size and Plant Watering Needs During Vacation,7.5,pain-point,1,1,Customer wants to understand pot size impact,"size, impact, needs, understand, vacation, during",watering balcony plants while away,Container Size and Plant Watering Needs During Vacation
Emergency Plant Care: Last-Minute Vacation Watering,7.5,pain-point,1,1,Customer with sudden travel plans,"travel, vacation, last, plans, emergency, minute",watering balcony plants while away,Emergency Plant Care: Last-Minute Vacation Watering
How to Set Up a Gravity-Fed Plant Watering System,7.5,diy-budget,1,1,Customer wants simple passive system,"gravity, passive, wants, set, fed, simple",watering balcony plants while away,How to Set Up a Gravity-Fed Plant Watering System
Indoor Plant Humidity While Away: Is It a Concern?,7.5,pain-point,1,1,Customer worried about humidity levels,"indoor, concern, about, away, worried, customer",watering balcony plants while away,Indoor Plant Humidity While Away: Is It a Concern?
Overwatering Plants: Why It's Worse Than Underwatering,7.5,pain-point,1,1,Customer learning watering mistakes to avoid,"overwatering, learning, worse, mistakes, underwatering, customer",watering balcony plants while away,Overwatering Plants: Why It's Worse Than Underwatering
Plant Watering While Away: Indoor vs. Outdoor Tips,7.5,pain-point,1,1,Customer has mixed plant collection,"indoor, collection, tips, has, away, outdoor",watering balcony plants while away,Plant Watering While Away: Indoor vs. Outdoor Tips
Preparing Your Balcony Plants for Extended Time Away,7.5,pain-point,1,1,Customer wants pre-vacation prep checklist,"extended, preparing, checklist, prep, vacation, away",watering balcony plants while away,Preparing Your Balcony Plants for Extended Time Away
Shade Cloths and Plant Watering: Do They Help While Away?,7.5,pain-point,1,1,Customer considering evaporation reduction,"cloths, considering, they, away, shade, evaporation",watering balcony plants while away,Shade Cloths and Plant Watering: Do They Help While Away?
Vacation Plant Care for Succulents and Drought-Tolerant Plants,7.5,pain-point,1,1,Customer has low-water plants,"vacation, low, has, drought, tolerant, succulents",watering balcony plants while away,Vacation Plant Care for Succulents and Drought-Tolerant Plants
Vacation Plant Watering for Herbs and Vegetables,7.5,pain-point,1,1,Customer has edible plants to protect,"herbs, vacation, has, edible, vegetables, customer",watering balcony plants while away,Vacation Plant Watering for Herbs and Vegetables
Wicking System for Plants: How to Make and Use One,7.5,diy-budget,1,1,Customer wants detailed wicking instructions,"wicking, make, detailed, wants, instructions, customer",watering balcony plants while away,Wicking System for Plants: How to Make and Use One
Ziplock Bag Method for Watering Plants While Away,7.5,pain-point,1,1,Vacation watering hack,"hack, ziplock, bag, vacation, away, method",how to water balcony plants without a tap,Ziplock Bag Method for Watering Plants While Away
Drip Irrigation for Balcony Plants Without Tap Water,6.5,renter-small-space,1,1,Efficient watering method,"drip, tap, irrigation, efficient, method",how to water balcony plants without a tap,Drip Irrigation for Balcony Plants Without Tap Water
Self-Watering Planters for Balconies Without Tap,6.5,renter-small-space,1,1,Product-based solution,"product, based, solution, planters, tap, self",how to water balcony plants without a tap,Self-Watering Planters for Balconies Without Tap
Best Container Plants for Minimal Watering,6.0,general,1,1,Low-maintenance alternatives,"minimal, maintenance, alternatives, low",how to water balcony plants without a tap,Best Container Plants for Minimal Watering
Best Portable Water Container for Balcony Gardening,6.0,general,1,1,Mobile watering solution,"portable, mobile, solution, gardening",how to water balcony plants without a tap,Best Portable Water Container for Balcony Gardening
Best Watering Schedule for Container Balcony Gardens,6.0,technical-setup,1,1,Routine establishment,"establishment, schedule, routine",how to water balcony plants without a tap,Best Watering Schedule for Container Balcony Gardens
Can I Use Gray Water to Water Balcony Plants,6.0,general,1,1,Recycled water option,"recycled, option, gray",how to water balcony plants without a tap,Can I Use Gray Water to Water Balcony Plants
Can I Water Balcony Plants With Collected Rainwater,6.0,general,1,1,Sustainable watering option,"sustainable, rainwater, option, collected",how to water balcony plants without a tap,Can I Water Balcony Plants With Collected Rainwater
How to Mulch Balcony Plant Containers to Retain Water,6.0,general,1,1,Water retention techniques,"retention, techniques, mulch, retain",how to water balcony plants without a tap,How to Mulch Balcony Plant Containers to Retain Water
How to Reduce Evaporation in Balcony Plant Containers,6.0,general,1,1,Water conservation,"evaporation, conservation, reduce",how to water balcony plants without a tap,How to Reduce Evaporation in Balcony Plant Containers
How to Set Up Micro Drip Irrigation on a Balcony,6.0,technical-setup,1,1,Professional-style watering,"style, professional, drip, micro, set, irrigation",how to water balcony plants without a tap,How to Set Up Micro Drip Irrigation on a Balcony
How to Water Multiple Balcony Plants Efficiently,6.0,general,1,1,Time-saving methods,"methods, multiple, time, efficiently, saving",how to water balcony plants without a tap,How to Water Multiple Balcony Plants Efficiently
How to Water Plants on a High-Rise Balcony,6.0,general,1,1,Practical solution for apartments,"rise, solution, practical, high",how to water balcony plants without a tap,How to Water Plants on a High-Rise Balcony
Plant Watering Schedule: What to Do Before Leaving Home,6.0,technical-setup,1,1,Customer needs pre-trip checklist,"home, checklist, needs, leaving, schedule, trip",watering balcony plants while away,Plant Watering Schedule: What to Do Before Leaving Home
What's the Cheapest Way to Water a Balcony Garden,6.0,general,1,1,Cost-effective options,"effective, way, options, cheapest",how to water balcony plants without a tap,What's the Cheapest Way to Water a Balcony Garden
What's the Cost of Hiring a Plant Watering Service?,6.0,general,1,1,Customer budgeting for professional care,"budgeting, professional, hiring, service, care, customer",watering balcony plants while away,What's the Cost of Hiring a Plant Watering Service?
Bathtub Plant Watering Trick: Does It Really Work?,5.5,general,1,1,Customer considering the popular bathtub method,"considering, trick, popular, work, bathtub, customer",watering balcony plants while away,Bathtub Plant Watering Trick: Does It Really Work?
Clay Pot Watering Spikes: Do They Actually Work?,5.5,general,1,1,Customer evaluating spike watering devices,"actually, spikes, they, devices, work, spike",watering balcony plants while away,Clay Pot Watering Spikes: Do They Actually Work?
How Long Can Potted Plants Survive Without Water?,5.5,general,1,1,Customer wants to know if plants need care during short trips,"short, care, during, wants, know, potted",watering balcony plants while away,How Long Can Potted Plants Survive Without Water?
How Much Water Do Balcony Plants Need? A Beginner's Guide,5.5,general,1,1,Customer learning watering basics,"much, learning, beginner, guide, basics, customer",watering balcony plants while away,How Much Water Do Balcony Plants Need? A Beginner's Guide
Humidity Control and Watering for Balcony Plants,5.5,general,1,1,Environmental factors,"control, environmental, factors, humidity",how to water balcony plants without a tap,Humidity Control and Watering for Balcony Plants
Mulch and Black Plastic Trick to Reduce Plant Watering,5.5,general,1,1,Customer wants evaporation reduction methods,"trick, methods, black, plastic, mulch, wants",watering balcony plants while away,Mulch and Black Plastic Trick to Reduce Plant Watering
Plant Watering Apps: Can Technology Help While You're Gone?,5.5,general,1,1,Customer wants smart watering reminders,"apps, smart, gone, reminders, wants, technology",watering balcony plants while away,Plant Watering Apps: Can Technology Help While You're Gone?
South-Facing Balcony Plants: Summer Watering Guide,5.5,general,1,1,Climate-specific advice,"guide, climate, south, summer, facing, advice",how to water balcony plants without a tap,South-Facing Balcony Plants: Summer Watering Guide
String Watering System for Plants: Step-by-Step Guide,5.5,general,1,1,Customer wants detailed instructions for rope/string method,"detailed, string, wants, guide, method, step",watering balcony plants while away,String Watering System for Plants: Step-by-Step Guide
Toilet Tank Auto-Watering System for Indoor Balcony Plants,5.5,general,1,1,Creative watering hack,"auto, hack, indoor, creative, toilet, tank",how to water balcony plants without a tap,Toilet Tank Auto-Watering System for Indoor Balcony Plants
Water Globes for Plants: Helpful or Hype?,5.5,general,1,1,Customer researching globe watering devices,"devices, hype, globes, researching, helpful, customer",watering balcony plants while away,Water Globes for Plants: Helpful or Hype?
Watering System Filters for Balcony Drip Irrigation,5.5,technical-setup,1,1,System components,"filters, components, irrigation, drip",how to water balcony plants without a tap,Watering System Filters for Balcony Drip Irrigation
