slug,cluster,intent,primary_keyword,secondary_keywords,target_product_set,angle,status
best-ato-systems-nano-reef-tanks-under-20-gallons,buying-guide,buyer,best ato systems for nano reef tanks,nano reef ato; ato under 20 gallons; reliable ato systems,ato-systems-core,cornerstone buyer guide,queued
ato-failure-modes-flood-salinity-crash,safety,problem-aware,ato failure modes,flood risk ato; salinity crash ato; nano tank ato risks,ato-systems-core,cornerstone safety guide,queued
ato-maintenance-schedule-nano-tanks,maintenance,maintenance,ato maintenance schedule nano tanks,clean optical sensor ato; refill ato reservoir,ato-systems-core,cornerstone maintenance guide,queued
why-your-ato-keeps-overfilling-a-nano-tank,troubleshooting,problem-aware,ato keeps overfilling nano tank,optical sensor fouling; siphon overfill,ato-systems-core,troubleshooting high-anxiety article,queued
float-switch-vs-optical-sensor-ato-nano-tanks,comparison,comparison,float switch vs optical sensor ato,float vs optical ato; nano reef ato comparison,ato-systems-core,compare failure modes not hype,queued
dual-sensor-vs-single-sensor-ato-systems,comparison,comparison,dual sensor vs single sensor ato,single sensor ato; ato redundancy,ato-systems-core,meaningful redundancy vs marketing,queued
best-ato-reservoir-options-open-top-nano-tanks,buying-guide,buyer,best ato reservoir options,open top nano tank reservoir; ato reservoir safety,reservoirs-core,reservoir sizing and aesthetics,queued
how-big-should-your-ato-reservoir-be-for-safety,safety,problem-aware,how big should ato reservoir be,safe ato reservoir size; nano tank flood prevention,reservoirs-core,safety-first sizing guide,queued
how-to-stop-false-ato-alarms-small-tanks,troubleshooting,problem-aware,stop false ato alarms small tanks,bubbles optical sensor; ato alarm troubleshooting,ato-systems-core,stability and annoyance reduction,queued
useful-ato-accessories-that-actually-improve-reliability,accessories,buyer,useful ato accessories,check valve ato; leak alarm nano tank; tubing clips ato,accessories-core,gear that solves real failure points,queued
